use test_yourself;

insert into `user` (email, password, surname, name, phone_number, security_number, expire_year, expire_month, credit_card_no, address, dob)
values ('useremail1', 'userpasword1', 'usersurname1', 'username1', 'usrphonenum1', 111111, 1111, 01,11111, 'useraddress1', '1997-10-06'),
('useremail2', 'userpasword2', 'usersurname2', 'username2', 'usrphonenum2', 111112, 1112, 02,11112, 'useraddress2', '1997-10-07'),
('useremail3', 'userpasword3', 'usersurname3', 'username3', 'usrphonenum3', 111113, 1113, 03,11113, 'useraddress3', '1997-10-08'),
('useremail4', 'userpasword4', 'usersurname4', 'username4', 'usrphonenum4', 111114, 1114, 04,11114, 'useraddress4', '1997-10-09'),
('useremail5', 'userpasword5', 'usersurname5', 'username5', 'usrphonenum5', 111115, 1115, 05,11115, 'useraddress5', '1997-10-10'),
('useremail6', 'userpasword6', 'usersurname6', 'username6', 'usrphonenum6', 111116, 1116, 06,11116, 'useraddress6', '1997-10-11'),
('useremail7', 'userpasword7', 'usersurname7', 'username7', 'usrphonenum7', 111117, 1117, 07,11117, 'useraddress7', '1997-10-12'),
('useremail8', 'userpasword8', 'usersurname8', 'username8', 'usrphonenum8', 111118, 1118, 08,11118, 'useraddress8', '1997-10-13'),
('useremail9', 'userpasword9', 'usersurname9', 'username9', 'usrphonenum9', 111119, 1119, 09,11119, 'useraddress9', '1997-10-14'),
('useremail10', 'userpasword10', 'usersurname10', 'username10', 'usrphonenum10', 111120, 1120, 10,11120, 'useraddress10', '1997-10-15'),
('useremail11', 'userpasword11', 'usersurname11', 'username11', 'usrphonenum11', 111121, 1121, 11,11121, 'useraddress11', '1997-10-16'),
('useremail12', 'userpasword12', 'usersurname12', 'username12', 'usrphonenum12', 111122, 1122, 12,11122, 'useraddress12', '1997-10-17'),
('useremail13', 'userpasword13', 'usersurname13', 'username13', 'usrphonenum13', 111123, 1123, 01,11123, 'useraddress13', '1997-10-18'),
('useremail14', 'userpasword14', 'usersurname14', 'username14', 'usrphonenum14', 111124, 1124, 02,11124, 'useraddress14', '1997-10-19'),
('useremail15', 'userpasword15', 'usersurname15', 'username15', 'usrphonenum15', 111125, 1125, 03,11125, 'useraddress15', '1997-10-20'),
('useremail16', 'userpasword16', 'usersurname16', 'username16', 'usrphonenum16', 111126, 1126, 04,11126, 'useraddress16', '1997-10-21'),
('useremail17', 'userpasword17', 'usersurname17', 'username17', 'usrphonenum17', 111127, 1127, 05,11127, 'useraddress17', '1997-10-22'),
('useremail18', 'userpasword18', 'usersurname18', 'username18', 'usrphonenum18', 111128, 1128, 06,11128, 'useraddress18', '1997-10-23'),
('useremail19', 'userpasword19', 'usersurname19', 'username19', 'usrphonenum19', 111129, 1129, 07,11129, 'useraddress19', '1997-10-24'),
('useremail20', 'userpasword20', 'usersurname20', 'username20', 'usrphonenum20', 111130, 1130, 08,11130, 'useraddress20', '1997-10-25');

insert into `instructor` (instructor_email)
values ('useremail1'),
('useremail2'),
('useremail3'),
('useremail4'),
('useremail5'),
('useremail6'),
('useremail7'),
('useremail8');

insert into `student` (student_email, grade)
values ('useremail9', 12),
('useremail10', 9),
('useremail11', 9),
('useremail12', 11),
('useremail13', 10),
('useremail14', 12),
('useremail15', 11),
('useremail16', 12);

insert into `admin` (admin_email)
values ('useremail17'),
('useremail18'),
('useremail19'),
('useremail20');

insert into `instructor_subject` (Ins_email,subject)
values ('useremail1', 'physics'),
('useremail2', 'math'),
('useremail3', 'biology'),
('useremail4', 'chemistry'),
('useremail5', 'history'),
('useremail6', 'physics'),
('useremail7', 'math'),
('useremail8', 'biology');

insert into `instructor_diploma` (Ins_email, diploma)
values ('useremail1', 'METU'),
('useremail2', 'METU'),
('useremail3', 'ITU'),
('useremail4', 'YTU'),
('useremail5', 'METU'),
('useremail6', 'YTU'),
('useremail7', 'METU'),
('useremail8', 'BAU');

insert into `subs_student` (subs_student_email, subs_date)
values ('useremail9', '2021-06-01'),
('useremail10', '2021-06-02'),
('useremail11', '2021-06-03'),
('useremail12', '2021-06-04'),
('useremail13', '2021-06-05'),
('useremail14', '2021-06-06');

insert into `not_subs_student` (not_subs_student_email, grade)
values ('useremail15', 11),
('useremail16', 12);


insert into `rate` (instructor_email,sub_student_email, stars)
values ('useremail1', 'useremail9', 5),
('useremail2', 'useremail10', 1),
('useremail3', 'useremail11', 2),
('useremail4', 'useremail12', 3),
('useremail5', 'useremail13', 2),
('useremail6', 'useremail14', 4),
('useremail7', 'useremail9', 2),
('useremail8', 'useremail10', 1),
('useremail1', 'useremail11', 2),
('useremail2', 'useremail12', 5),
('useremail3', 'useremail13', 4),
('useremail4', 'useremail14', 2),
('useremail5', 'useremail9', 1),
('useremail6', 'useremail10', 3),
('useremail7', 'useremail11', 2),
('useremail8', 'useremail12', 5),
('useremail1', 'useremail13', 2),
('useremail2', 'useremail14', 5),
('useremail3', 'useremail9', 4),
('useremail4', 'useremail10', 2),
('useremail5', 'useremail11', 1),
('useremail6', 'useremail12', 3),
('useremail7', 'useremail13', 2),
('useremail8', 'useremail14', 5);

insert into `ticket` (ticket_id, category, content, admin_email, check_date)
values (66661, 'withdrawal', 'content of ticket1', 'useremail17', '2021-05-01' ),
(66662, 'payment', 'content of ticket2', 'useremail18', '2021-05-02' ),
(66663, 'subscription', 'content of ticket3', 'useremail19', '2021-06-01' ),
(66664, 'payment', 'content of ticket4', 'useremail20', '2021-05-03' ),
(66665, 'unsubscription', 'content of ticket5', 'useremail17', '2021-10-21' ),
(66666, 'payment', 'content of ticket6', 'useremail18', '2021-07-21' ),
(66667, 'subscription', 'content of ticket7', 'useremail19', '2021-11-01' ),
(66668, 'payment', 'content of ticket8', 'useremail20', '2021-12-12' ),
(66669, 'unsubscription', 'content of ticket9', 'useremail17', '2021-05-11' ),
(66670, 'subscription', 'content of ticket10', 'useremail18', '2021-05-23' ),
(66671, 'payment', 'content of ticket11', 'useremail19', '2021-05-12' ),
(66672, 'subscription', 'content of ticket12', NULL, NULL ),
(66673, 'unsubscription', 'content of ticket13', NULL, NULL),
(66674, 'unsubscription', 'content of ticket14', NULL, NULL),
(66675, 'withdrawal', 'content of ticket15', NULL, NULL ),
(66676, 'payment', 'content of ticket16', NULL, NULL),
(66677, 'subscription', 'content of ticket17', NULL, NULL ),
(66678, 'withdrawal', 'content of ticket18', NULL, NULL );

insert into `student_ticket` (ticket_id, student_email)
values (66661, 'useremail9'),
(66662, 'useremail10'),
(66663, 'useremail11'),
(66664, 'useremail12'),
(66665, 'useremail13'),
(66666, 'useremail13'),
(66667, 'useremail13'),
(66668, 'useremail9');


insert into `instructor_ticket` (ticket_id, instructor_email)
values (66669, 'useremail1'),
(66670, 'useremail2'),
(66671, 'useremail3'),
(66672, 'useremail4'),
(66673, 'useremail5'),
(66674, 'useremail1'),
(66675, 'useremail2'),
(66676, 'useremail3'),
(66677, 'useremail7'),
(66678, 'useremail8');

insert into `test` (test_name, instructor_email, num_of_questions,upload_date)
values ('test name 1', 'useremail1', 5, '2021-01-01'),
('test name 2', 'useremail1', 5, '2021-10-01'),
('test name 3', 'useremail1', 5, '2021-11-02'),
('test name 4', 'useremail2', 5, '2021-01-03'),
('test name 5', 'useremail2', 5, '2021-07-04'),
('test name 6', 'useremail2', 5, '2021-02-01'),
('test name 7', 'useremail3', 5, '2021-03-01'),
('test name 8', 'useremail3', 5, '2021-05-01'),
('test name 9', 'useremail3', 5, '2021-02-02'),
('test name 10', 'useremail4', 5, '2021-01-03'),
('test name 11', 'useremail4', 5, '2021-03-14'),
('test name 12', 'useremail4', 5, '2021-01-11'),
('test name 13', 'useremail5', 5, '2021-01-21'),
('test name 14', 'useremail5', 5, '2021-12-02'),
('test name 15', 'useremail5', 5, '2021-11-03'),
('test name 16', 'useremail6', 5, '2021-01-27'),
('test name 17', 'useremail6', 5, '2021-01-19'),
('test name 18', 'useremail7', 5, '2021-02-01'),
('test name 19', 'useremail7', 5, '2021-03-11'),
('test name 20', 'useremail7', 5, '2021-01-01');

insert into `solution_video` (video_name, instructor_email, duration, add_date, tst_name)
values ('video name 1', 'useremail1', 20, '2021-01-01', 'test name 1'),
('video name 2', 'useremail1', 20, '2021-10-01', 'test name 2'),
('video name 3', 'useremail1', 25, '2021-11-02', 'test name 3'),
('video name 4', 'useremail2', 25, '2021-01-03', 'test name 4'),
('video name 5', 'useremail2', 30, '2021-07-04', 'test name 5'),
('video name 6', 'useremail2', 25, '2021-02-01', 'test name 6'),
('video name 7', 'useremail3', 20, '2021-03-01', 'test name 7'),
('video name 8', 'useremail3', 25, '2021-05-01', 'test name 8'),
('video name 9', 'useremail3', 20, '2021-02-02', 'test name 9'),
('video name 10', 'useremail4', 30, '2021-01-03', 'test name 10'),
('video name 11', 'useremail4', 20, '2021-03-14', 'test name 11'),
('video name 12', 'useremail4', 20, '2021-01-11', 'test name 12'),
('video name 13', 'useremail5', 25, '2021-01-21', 'test name 13'),
('video name 14', 'useremail5', 20, '2021-12-02', 'test name 14'),
('video name 15', 'useremail5', 30, '2021-11-03', 'test name 15');



insert into `question` (question_number, instructor_email, image, question_subject, question_body, tst_name)
values 
(10001, 'useremail1', NULL , 'Real Numbers', 'questionbody1', 'test name 1'),
(10002, 'useremail1', NULL , 'Real Numbers', 'questionbody2', 'test name 1'),
(10003, 'useremail1', NULL , 'Real Numbers', 'questionbody3', 'test name 1'),
(10004, 'useremail1', NULL , 'Real Numbers', 'questionbody4', 'test name 1'),
(10005, 'useremail1', NULL , 'Real Numbers', 'questionbody5', 'test name 1'),

(20001, 'useremail1', NULL , 'Real Numbers', 'questionbody1', 'test name 2'),
(20002, 'useremail1', NULL , 'Real Numbers', 'questionbody2', 'test name 2'),
(20003, 'useremail1', NULL , 'Real Numbers', 'questionbody3', 'test name 2'),
(20004, 'useremail1', NULL , 'Real Numbers', 'questionbody4', 'test name 2'),
(20005, 'useremail1', NULL , 'Real Numbers', 'questionbody5', 'test name 2'),

(30001, 'useremail1', NULL , 'Real Numbers', 'questionbody1', 'test name 3'),
(30002, 'useremail1', NULL , 'Real Numbers', 'questionbody2', 'test name 3'),
(30003, 'useremail1', NULL , 'Real Numbers', 'questionbody3', 'test name 3'),
(30004, 'useremail1', NULL , 'Real Numbers', 'questionbody4', 'test name 3'),
(30005, 'useremail1', NULL , 'Real Numbers', 'questionbody5', 'test name 3'),



(40001, 'useremail2', NULL , 'Real Numbers', 'questionbody1', 'test name 4'),
(40002, 'useremail2', NULL , 'Real Numbers', 'questionbody2', 'test name 4'),
(40003, 'useremail2', NULL , 'Real Numbers', 'questionbody3', 'test name 4'),
(40004, 'useremail2', NULL , 'Real Numbers', 'questionbody4', 'test name 4'),
(40005, 'useremail2', NULL , 'Real Numbers', 'questionbody5', 'test name 4'),

(50001, 'useremail2', NULL , 'Real Numbers', 'questionbody1', 'test name 5'),
(50002, 'useremail2', NULL , 'Real Numbers', 'questionbody2', 'test name 5'),
(50003, 'useremail2', NULL , 'Real Numbers', 'questionbody3', 'test name 5'),
(50004, 'useremail2', NULL , 'Real Numbers', 'questionbody4', 'test name 5'),
(50005, 'useremail2', NULL , 'Real Numbers', 'questionbody5', 'test name 5'),

(80001, 'useremail2', NULL , 'Real Numbers', 'questionbody1', 'test name 6'),
(80002, 'useremail2', NULL , 'Real Numbers', 'questionbody2', 'test name 6'),
(80003, 'useremail2', NULL , 'Real Numbers', 'questionbody3', 'test name 6'),
(80004, 'useremail2', NULL , 'Real Numbers', 'questionbody4', 'test name 6'),
(80005, 'useremail2', NULL , 'Real Numbers', 'questionbody5', 'test name 6'),



(90001, 'useremail3', NULL , 'Real Numbers', 'questionbody1', 'test name 7'),
(90002, 'useremail3', NULL , 'Real Numbers', 'questionbody2', 'test name 7'),
(90003, 'useremail3', NULL , 'Real Numbers', 'questionbody3', 'test name 7'),
(90004, 'useremail3', NULL , 'Real Numbers', 'questionbody4', 'test name 7'),
(90005, 'useremail3', NULL , 'Real Numbers', 'questionbody5', 'test name 7'),

(11001, 'useremail3', NULL , 'Real Numbers', 'questionbody1', 'test name 8'),
(11002, 'useremail3', NULL , 'Real Numbers', 'questionbody2', 'test name 8'),
(11003, 'useremail3', NULL , 'Real Numbers', 'questionbody3', 'test name 8'),
(11004, 'useremail3', NULL , 'Real Numbers', 'questionbody4', 'test name 8'),
(11005, 'useremail3', NULL , 'Real Numbers', 'questionbody5', 'test name 8'),

(12001, 'useremail3', NULL , 'Real Numbers', 'questionbody1', 'test name 9'),
(12002, 'useremail3', NULL , 'Real Numbers', 'questionbody2', 'test name 9'),
(12003, 'useremail3', NULL , 'Real Numbers', 'questionbody3', 'test name 9'),
(12004, 'useremail3', NULL , 'Real Numbers', 'questionbody4', 'test name 9'),
(12005, 'useremail3', NULL , 'Real Numbers', 'questionbody5', 'test name 9'),



(13001, 'useremail4', NULL , 'Real Numbers', 'questionbody1', 'test name 10'),
(13002, 'useremail4', NULL , 'Real Numbers', 'questionbody2', 'test name 10'),
(13003, 'useremail4', NULL , 'Real Numbers', 'questionbody3', 'test name 10'),
(13004, 'useremail4', NULL , 'Real Numbers', 'questionbody4', 'test name 10'),
(13005, 'useremail4', NULL , 'Real Numbers', 'questionbody5', 'test name 10'),

(14001, 'useremail4', NULL , 'Real Numbers', 'questionbody1', 'test name 11'),
(14002, 'useremail4', NULL , 'Real Numbers', 'questionbody2', 'test name 11'),
(14003, 'useremail4', NULL , 'Real Numbers', 'questionbody3', 'test name 11'),
(14004, 'useremail4', NULL , 'Real Numbers', 'questionbody4', 'test name 11'),
(14005, 'useremail4', NULL , 'Real Numbers', 'questionbody5', 'test name 11'),

(15001, 'useremail4', NULL , 'Real Numbers', 'questionbody1', 'test name 12'),
(15002, 'useremail4', NULL , 'Real Numbers', 'questionbody2', 'test name 12'),
(15003, 'useremail4', NULL , 'Real Numbers', 'questionbody3', 'test name 12'),
(15004, 'useremail4', NULL , 'Real Numbers', 'questionbody4', 'test name 12'),
(15005, 'useremail4', NULL , 'Real Numbers', 'questionbody5', 'test name 12'),



(16001, 'useremail5', NULL , 'Real Numbers', 'questionbody1', 'test name 13'),
(16002, 'useremail5', NULL , 'Real Numbers', 'questionbody2', 'test name 13'),
(16003, 'useremail5', NULL , 'Real Numbers', 'questionbody3', 'test name 13'),
(16004, 'useremail5', NULL , 'Real Numbers', 'questionbody4', 'test name 13'),
(16005, 'useremail5', NULL , 'Real Numbers', 'questionbody5', 'test name 13'),

(17001, 'useremail5', NULL , 'Real Numbers', 'questionbody1', 'test name 14'),
(17002, 'useremail5', NULL , 'Real Numbers', 'questionbody2', 'test name 14'),
(17003, 'useremail5', NULL , 'Real Numbers', 'questionbody3', 'test name 14'),
(17004, 'useremail5', NULL , 'Real Numbers', 'questionbody4', 'test name 14'),
(17005, 'useremail5', NULL , 'Real Numbers', 'questionbody5', 'test name 14'),

(18001, 'useremail5', NULL , 'Real Numbers', 'questionbody1', 'test name 15'),
(18002, 'useremail5', NULL , 'Real Numbers', 'questionbody2', 'test name 15'),
(18003, 'useremail5', NULL , 'Real Numbers', 'questionbody3', 'test name 15'),
(18004, 'useremail5', NULL , 'Real Numbers', 'questionbody4', 'test name 15'),
(18005, 'useremail5', NULL , 'Real Numbers', 'questionbody5', 'test name 15'),



(19001, 'useremail6', NULL , 'Real Numbers', 'questionbody1', 'test name 16'),
(19002, 'useremail6', NULL , 'Real Numbers', 'questionbody2', 'test name 16'),
(19003, 'useremail6', NULL , 'Real Numbers', 'questionbody3', 'test name 16'),
(19004, 'useremail6', NULL , 'Real Numbers', 'questionbody4', 'test name 16'),
(19005, 'useremail6', NULL , 'Real Numbers', 'questionbody5', 'test name 16'),

(21001, 'useremail6', NULL , 'Real Numbers', 'questionbody1', 'test name 17'),
(21002, 'useremail6', NULL , 'Real Numbers', 'questionbody2', 'test name 17'),
(21003, 'useremail6', NULL , 'Real Numbers', 'questionbody3', 'test name 17'),
(21004, 'useremail6', NULL , 'Real Numbers', 'questionbody4', 'test name 17'),
(21005, 'useremail6', NULL , 'Real Numbers', 'questionbody5', 'test name 17'),



(22001, 'useremail7', NULL , 'Real Numbers', 'questionbody1', 'test name 18'),
(22002, 'useremail7', NULL , 'Real Numbers', 'questionbody2', 'test name 18'),
(22003, 'useremail7', NULL , 'Real Numbers', 'questionbody3', 'test name 18'),
(22004, 'useremail7', NULL , 'Real Numbers', 'questionbody4', 'test name 18'),
(22005, 'useremail7', NULL , 'Real Numbers', 'questionbody5', 'test name 18'),

(23001, 'useremail7', NULL , 'Real Numbers', 'questionbody1', 'test name 19'),
(23002, 'useremail7', NULL , 'Real Numbers', 'questionbody2', 'test name 19'),
(23003, 'useremail7', NULL , 'Real Numbers', 'questionbody3', 'test name 19'),
(23004, 'useremail7', NULL , 'Real Numbers', 'questionbody4', 'test name 19'),
(23005, 'useremail7', NULL , 'Real Numbers', 'questionbody5', 'test name 19'),

(24001, 'useremail7', NULL , 'Real Numbers', 'questionbody1', 'test name 20'),
(24002, 'useremail7', NULL , 'Real Numbers', 'questionbody2', 'test name 20'),
(24003, 'useremail7', NULL , 'Real Numbers', 'questionbody3', 'test name 20'),
(24004, 'useremail7', NULL , 'Real Numbers', 'questionbody4', 'test name 20'),
(24005, 'useremail7', NULL , 'Real Numbers', 'questionbody5', 'test name 20');

insert into `option` (option_letter, instructor_email, question_number, option_body)
values 
('A', 'useremail1', 10001, 'option body 1'),
('B', 'useremail1', 10001, 'option body 2'),
('C', 'useremail1', 10001, 'option body 3'),
('A', 'useremail1', 10002, 'option body 1'),
('B', 'useremail1', 10002, 'option body 2'),
('C', 'useremail1', 10002, 'option body 3'),
('A', 'useremail1', 10003, 'option body 1'),
('B', 'useremail1', 10003, 'option body 2'),
('C', 'useremail1', 10003, 'option body 3'),
('A', 'useremail1', 10004, 'option body 1'),
('B', 'useremail1', 10004, 'option body 2'),
('C', 'useremail1', 10004, 'option body 3'),
('A', 'useremail1', 10005, 'option body 1'),
('B', 'useremail1', 10005, 'option body 2'),
('C', 'useremail1', 10005, 'option body 3'),

('A', 'useremail1', 20001, 'option body 1'),
('B', 'useremail1', 20001, 'option body 2'),
('C', 'useremail1', 20001, 'option body 3'),
('A', 'useremail1', 20002, 'option body 1'),
('B', 'useremail1', 20002, 'option body 2'),
('C', 'useremail1', 20002, 'option body 3'),
('A', 'useremail1', 20003, 'option body 1'),
('B', 'useremail1', 20003, 'option body 2'),
('C', 'useremail1', 20003, 'option body 3'),
('A', 'useremail1', 20004, 'option body 1'),
('B', 'useremail1', 20004, 'option body 2'),
('C', 'useremail1', 20004, 'option body 3'),
('A', 'useremail1', 20005, 'option body 1'),
('B', 'useremail1', 20005, 'option body 2'),
('C', 'useremail1', 20005, 'option body 3'),

('A', 'useremail1', 30001, 'option body 1'),
('B', 'useremail1', 30001, 'option body 2'),
('C', 'useremail1', 30001, 'option body 3'),
('A', 'useremail1', 30002, 'option body 1'),
('B', 'useremail1', 30002, 'option body 2'),
('C', 'useremail1', 30002, 'option body 3'),
('A', 'useremail1', 30003, 'option body 1'),
('B', 'useremail1', 30003, 'option body 2'),
('C', 'useremail1', 30003, 'option body 3'),
('A', 'useremail1', 30004, 'option body 1'),
('B', 'useremail1', 30004, 'option body 2'),
('C', 'useremail1', 30004, 'option body 3'),
('A', 'useremail1', 30005, 'option body 1'),
('B', 'useremail1', 30005, 'option body 2'),
('C', 'useremail1', 30005, 'option body 3'),


('A', 'useremail2', 40001, 'option body 1'),
('B', 'useremail2', 40001, 'option body 2'),
('C', 'useremail2', 40001, 'option body 3'),
('A', 'useremail2', 40002, 'option body 1'),
('B', 'useremail2', 40002, 'option body 2'),
('C', 'useremail2', 40002, 'option body 3'),
('A', 'useremail2', 40003, 'option body 1'),
('B', 'useremail2', 40003, 'option body 2'),
('C', 'useremail2', 40003, 'option body 3'),
('A', 'useremail2', 40004, 'option body 1'),
('B', 'useremail2', 40004, 'option body 2'),
('C', 'useremail2', 40004, 'option body 3'),
('A', 'useremail2', 40005, 'option body 1'),
('B', 'useremail2', 40005, 'option body 2'),
('C', 'useremail2', 40005, 'option body 3'),

('A', 'useremail2', 50001, 'option body 1'),
('B', 'useremail2', 50001, 'option body 2'),
('C', 'useremail2', 50001, 'option body 3'),
('A', 'useremail2', 50002, 'option body 1'),
('B', 'useremail2', 50002, 'option body 2'),
('C', 'useremail2', 50002, 'option body 3'),
('A', 'useremail2', 50003, 'option body 1'),
('B', 'useremail2', 50003, 'option body 2'),
('C', 'useremail2', 50003, 'option body 3'),
('A', 'useremail2', 50004, 'option body 1'),
('B', 'useremail2', 50004, 'option body 2'),
('C', 'useremail2', 50004, 'option body 3'),
('A', 'useremail2', 50005, 'option body 1'),
('B', 'useremail2', 50005, 'option body 2'),
('C', 'useremail2', 50005, 'option body 3'),

('A', 'useremail2', 80001, 'option body 1'),
('B', 'useremail2', 80001, 'option body 2'),
('C', 'useremail2', 80001, 'option body 3'),
('A', 'useremail2', 80002, 'option body 1'),
('B', 'useremail2', 80002, 'option body 2'),
('C', 'useremail2', 80002, 'option body 3'),
('A', 'useremail2', 80003, 'option body 1'),
('B', 'useremail2', 80003, 'option body 2'),
('C', 'useremail2', 80003, 'option body 3'),
('A', 'useremail2', 80004, 'option body 1'),
('B', 'useremail2', 80004, 'option body 2'),
('C', 'useremail2', 80004, 'option body 3'),
('A', 'useremail2', 80005, 'option body 1'),
('B', 'useremail2', 80005, 'option body 2'),
('C', 'useremail2', 80005, 'option body 3'),


('A', 'useremail3', 90001, 'option body 1'),
('B', 'useremail3', 90001, 'option body 2'),
('C', 'useremail3', 90001, 'option body 3'),
('A', 'useremail3', 90002, 'option body 1'),
('B', 'useremail3', 90002, 'option body 2'),
('C', 'useremail3', 90002, 'option body 3'),
('A', 'useremail3', 90003, 'option body 1'),
('B', 'useremail3', 90003, 'option body 2'),
('C', 'useremail3', 90003, 'option body 3'),
('A', 'useremail3', 90004, 'option body 1'),
('B', 'useremail3', 90004, 'option body 2'),
('C', 'useremail3', 90004, 'option body 3'),
('A', 'useremail3', 90005, 'option body 1'),
('B', 'useremail3', 90005, 'option body 2'),
('C', 'useremail3', 90005, 'option body 3'),

('A', 'useremail3', 11001, 'option body 1'),
('B', 'useremail3', 11001, 'option body 2'),
('C', 'useremail3', 11001, 'option body 3'),
('A', 'useremail3', 11002, 'option body 1'),
('B', 'useremail3', 11002, 'option body 2'),
('C', 'useremail3', 11002, 'option body 3'),
('A', 'useremail3', 11003, 'option body 1'),
('B', 'useremail3', 11003, 'option body 2'),
('C', 'useremail3', 11003, 'option body 3'),
('A', 'useremail3', 11004, 'option body 1'),
('B', 'useremail3', 11004, 'option body 2'),
('C', 'useremail3', 11004, 'option body 3'),
('A', 'useremail3', 11005, 'option body 1'),
('B', 'useremail3', 11005, 'option body 2'),
('C', 'useremail3', 11005, 'option body 3'),

('A', 'useremail3', 12001, 'option body 1'),
('B', 'useremail3', 12001, 'option body 2'),
('C', 'useremail3', 12001, 'option body 3'),
('A', 'useremail3', 12002, 'option body 1'),
('B', 'useremail3', 12002, 'option body 2'),
('C', 'useremail3', 12002, 'option body 3'),
('A', 'useremail3', 12003, 'option body 1'),
('B', 'useremail3', 12003, 'option body 2'),
('C', 'useremail3', 12003, 'option body 3'),
('A', 'useremail3', 12004, 'option body 1'),
('B', 'useremail3', 12004, 'option body 2'),
('C', 'useremail3', 12004, 'option body 3'),
('A', 'useremail3', 12005, 'option body 1'),
('B', 'useremail3', 12005, 'option body 2'),
('C', 'useremail3', 12005, 'option body 3'),


('A', 'useremail4', 13001, 'option body 1'),
('B', 'useremail4', 13001, 'option body 2'),
('C', 'useremail4', 13001, 'option body 3'),
('A', 'useremail4', 13002, 'option body 1'),
('B', 'useremail4', 13002, 'option body 2'),
('C', 'useremail4', 13002, 'option body 3'),
('A', 'useremail4', 13003, 'option body 1'),
('B', 'useremail4', 13003, 'option body 2'),
('C', 'useremail4', 13003, 'option body 3'),
('A', 'useremail4', 13004, 'option body 1'),
('B', 'useremail4', 13004, 'option body 2'),
('C', 'useremail4', 13004, 'option body 3'),
('A', 'useremail4', 13005, 'option body 1'),
('B', 'useremail4', 13005, 'option body 2'),
('C', 'useremail4', 13005, 'option body 3'),

('A', 'useremail4', 14001, 'option body 1'),
('B', 'useremail4', 14001, 'option body 2'),
('C', 'useremail4', 14001, 'option body 3'),
('A', 'useremail4', 14002, 'option body 1'),
('B', 'useremail4', 14002, 'option body 2'),
('C', 'useremail4', 14002, 'option body 3'),
('A', 'useremail4', 14003, 'option body 1'),
('B', 'useremail4', 14003, 'option body 2'),
('C', 'useremail4', 14003, 'option body 3'),
('A', 'useremail4', 14004, 'option body 1'),
('B', 'useremail4', 14004, 'option body 2'),
('C', 'useremail4', 14004, 'option body 3'),
('A', 'useremail4', 14005, 'option body 1'),
('B', 'useremail4', 14005, 'option body 2'),
('C', 'useremail4', 14005, 'option body 3'),

('A', 'useremail4', 15001, 'option body 1'),
('B', 'useremail4', 15001, 'option body 2'),
('C', 'useremail4', 15001, 'option body 3'),
('A', 'useremail4', 15002, 'option body 1'),
('B', 'useremail4', 15002, 'option body 2'),
('C', 'useremail4', 15002, 'option body 3'),
('A', 'useremail4', 15003, 'option body 1'),
('B', 'useremail4', 15003, 'option body 2'),
('C', 'useremail4', 15003, 'option body 3'),
('A', 'useremail4', 15004, 'option body 1'),
('B', 'useremail4', 15004, 'option body 2'),
('C', 'useremail4', 15004, 'option body 3'),
('A', 'useremail4', 15005, 'option body 1'),
('B', 'useremail4', 15005, 'option body 2'),
('C', 'useremail4', 15005, 'option body 3'),



('A', 'useremail5', 16001, 'option body 1'),
('B', 'useremail5', 16001, 'option body 2'),
('C', 'useremail5', 16001, 'option body 3'),
('A', 'useremail5', 16002, 'option body 1'),
('B', 'useremail5', 16002, 'option body 2'),
('C', 'useremail5', 16002, 'option body 3'),
('A', 'useremail5', 16003, 'option body 1'),
('B', 'useremail5', 16003, 'option body 2'),
('C', 'useremail5', 16003, 'option body 3'),
('A', 'useremail5', 16004, 'option body 1'),
('B', 'useremail5', 16004, 'option body 2'),
('C', 'useremail5', 16004, 'option body 3'),
('A', 'useremail5', 16005, 'option body 1'),
('B', 'useremail5', 16005, 'option body 2'),
('C', 'useremail5', 16005, 'option body 3'),

('A', 'useremail5', 17001, 'option body 1'),
('B', 'useremail5', 17001, 'option body 2'),
('C', 'useremail5', 17001, 'option body 3'),
('A', 'useremail5', 17002, 'option body 1'),
('B', 'useremail5', 17002, 'option body 2'),
('C', 'useremail5', 17002, 'option body 3'),
('A', 'useremail5', 17003, 'option body 1'),
('B', 'useremail5', 17003, 'option body 2'),
('C', 'useremail5', 17003, 'option body 3'),
('A', 'useremail5', 17004, 'option body 1'),
('B', 'useremail5', 17004, 'option body 2'),
('C', 'useremail5', 17004, 'option body 3'),
('A', 'useremail5', 17005, 'option body 1'),
('B', 'useremail5', 17005, 'option body 2'),
('C', 'useremail5', 17005, 'option body 3'),

('A', 'useremail5', 18001, 'option body 1'),
('B', 'useremail5', 18001, 'option body 2'),
('C', 'useremail5', 18001, 'option body 3'),
('A', 'useremail5', 18002, 'option body 1'),
('B', 'useremail5', 18002, 'option body 2'),
('C', 'useremail5', 18002, 'option body 3'),
('A', 'useremail5', 18003, 'option body 1'),
('B', 'useremail5', 18003, 'option body 2'),
('C', 'useremail5', 18003, 'option body 3'),
('A', 'useremail5', 18004, 'option body 1'),
('B', 'useremail5', 18004, 'option body 2'),
('C', 'useremail5', 18004, 'option body 3'),
('A', 'useremail5', 18005, 'option body 1'),
('B', 'useremail5', 18005, 'option body 2'),
('C', 'useremail5', 18005, 'option body 3'),


('A', 'useremail6', 19001, 'option body 1'),
('B', 'useremail6', 19001, 'option body 2'),
('C', 'useremail6', 19001, 'option body 3'),
('A', 'useremail6', 19002, 'option body 1'),
('B', 'useremail6', 19002, 'option body 2'),
('C', 'useremail6', 19002, 'option body 3'),
('A', 'useremail6', 19003, 'option body 1'),
('B', 'useremail6', 19003, 'option body 2'),
('C', 'useremail6', 19003, 'option body 3'),
('A', 'useremail6', 19004, 'option body 1'),
('B', 'useremail6', 19004, 'option body 2'),
('C', 'useremail6', 19004, 'option body 3'),
('A', 'useremail6', 19005, 'option body 1'),
('B', 'useremail6', 19005, 'option body 2'),
('C', 'useremail6', 19005, 'option body 3'),

('A', 'useremail6', 21001, 'option body 1'),
('B', 'useremail6', 21001, 'option body 2'),
('C', 'useremail6', 21001, 'option body 3'),
('A', 'useremail6', 21002, 'option body 1'),
('B', 'useremail6', 21002, 'option body 2'),
('C', 'useremail6', 21002, 'option body 3'),
('A', 'useremail6', 21003, 'option body 1'),
('B', 'useremail6', 21003, 'option body 2'),
('C', 'useremail6', 21003, 'option body 3'),
('A', 'useremail6', 21004, 'option body 1'),
('B', 'useremail6', 21004, 'option body 2'),
('C', 'useremail6', 21004, 'option body 3'),
('A', 'useremail6', 21005, 'option body 1'),
('B', 'useremail6', 21005, 'option body 2'),
('C', 'useremail6', 21005, 'option body 3'),



('A', 'useremail7', 22001, 'option body 1'),
('B', 'useremail7', 22001, 'option body 2'),
('C', 'useremail7', 22001, 'option body 3'),
('A', 'useremail7', 22002, 'option body 1'),
('B', 'useremail7', 22002, 'option body 2'),
('C', 'useremail7', 22002, 'option body 3'),
('A', 'useremail7', 22003, 'option body 1'),
('B', 'useremail7', 22003, 'option body 2'),
('C', 'useremail7', 22003, 'option body 3'),
('A', 'useremail7', 22004, 'option body 1'),
('B', 'useremail7', 22004, 'option body 2'),
('C', 'useremail7', 22004, 'option body 3'),
('A', 'useremail7', 22005, 'option body 1'),
('B', 'useremail7', 22005, 'option body 2'),
('C', 'useremail7', 22005, 'option body 3'),

('A', 'useremail7', 23001, 'option body 1'),
('B', 'useremail7', 23001, 'option body 2'),
('C', 'useremail7', 23001, 'option body 3'),
('A', 'useremail7', 23002, 'option body 1'),
('B', 'useremail7', 23002, 'option body 2'),
('C', 'useremail7', 23002, 'option body 3'),
('A', 'useremail7', 23003, 'option body 1'),
('B', 'useremail7', 23003, 'option body 2'),
('C', 'useremail7', 23003, 'option body 3'),
('A', 'useremail7', 23004, 'option body 1'),
('B', 'useremail7', 23004, 'option body 2'),
('C', 'useremail7', 23004, 'option body 3'),
('A', 'useremail7', 23005, 'option body 1'),
('B', 'useremail7', 23005, 'option body 2'),
('C', 'useremail7', 23005, 'option body 3'),

('A', 'useremail7', 24001, 'option body 1'),
('B', 'useremail7', 24001, 'option body 2'),
('C', 'useremail7', 24001, 'option body 3'),
('A', 'useremail7', 24002, 'option body 1'),
('B', 'useremail7', 24002, 'option body 2'),
('C', 'useremail7', 24002, 'option body 3'),
('A', 'useremail7', 24003, 'option body 1'),
('B', 'useremail7', 24003, 'option body 2'),
('C', 'useremail7', 24003, 'option body 3'),
('A', 'useremail7', 24004, 'option body 1'),
('B', 'useremail7', 24004, 'option body 2'),
('C', 'useremail7', 24004, 'option body 3'),
('A', 'useremail7', 24005, 'option body 1'),
('B', 'useremail7', 24005, 'option body 2'),
('C', 'useremail7', 24005, 'option body 3');

insert into `wrong_option` (w_option_letter, instructor_email, question_number)
values 
('A', 'useremail1', 10001),
('B', 'useremail1', 10001),
('A', 'useremail1', 10002),
('B', 'useremail1', 10002),
('A', 'useremail1', 10003),
('B', 'useremail1', 10003),
('A', 'useremail1', 10004),
('B', 'useremail1', 10004),
('A', 'useremail1', 10005),
('B', 'useremail1', 10005),

('A', 'useremail1', 20001),
('B', 'useremail1', 20001),
('A', 'useremail1', 20002),
('B', 'useremail1', 20002),
('A', 'useremail1', 20003),
('B', 'useremail1', 20003),
('A', 'useremail1', 20004),
('B', 'useremail1', 20004),
('A', 'useremail1', 20005),
('B', 'useremail1', 20005),

('A', 'useremail1', 30001),
('B', 'useremail1', 30001),
('A', 'useremail1', 30002),
('B', 'useremail1', 30002),
('A', 'useremail1', 30003),
('B', 'useremail1', 30003),
('A', 'useremail1', 30004),
('B', 'useremail1', 30004),
('A', 'useremail1', 30005),
('B', 'useremail1', 30005),


('A', 'useremail2', 40001),
('B', 'useremail2', 40001),
('A', 'useremail2', 40002),
('B', 'useremail2', 40002),
('A', 'useremail2', 40003),
('B', 'useremail2', 40003),
('A', 'useremail2', 40004),
('B', 'useremail2', 40004),
('A', 'useremail2', 40005),
('B', 'useremail2', 40005),

('A', 'useremail2', 50001),
('B', 'useremail2', 50001),
('A', 'useremail2', 50002),
('B', 'useremail2', 50002),
('A', 'useremail2', 50003),
('B', 'useremail2', 50003),
('A', 'useremail2', 50004),
('B', 'useremail2', 50004),
('A', 'useremail2', 50005),
('B', 'useremail2', 50005),

('A', 'useremail2', 80001),
('B', 'useremail2', 80001),
('A', 'useremail2', 80002),
('B', 'useremail2', 80002),
('A', 'useremail2', 80003),
('B', 'useremail2', 80003),
('A', 'useremail2', 80004),
('B', 'useremail2', 80004),
('A', 'useremail2', 80005),
('B', 'useremail2', 80005),


('A', 'useremail3', 90001),
('B', 'useremail3', 90001),
('A', 'useremail3', 90002),
('B', 'useremail3', 90002),
('A', 'useremail3', 90003),
('B', 'useremail3', 90003),
('A', 'useremail3', 90004),
('B', 'useremail3', 90004),
('A', 'useremail3', 90005),
('B', 'useremail3', 90005),

('A', 'useremail3', 11001),
('B', 'useremail3', 11001),
('A', 'useremail3', 11002),
('B', 'useremail3', 11002),
('A', 'useremail3', 11003),
('B', 'useremail3', 11003),
('A', 'useremail3', 11004),
('B', 'useremail3', 11004),
('A', 'useremail3', 11005),
('B', 'useremail3', 11005),

('A', 'useremail3', 12001),
('B', 'useremail3', 12001),
('A', 'useremail3', 12002),
('B', 'useremail3', 12002),
('A', 'useremail3', 12003),
('B', 'useremail3', 12003),
('A', 'useremail3', 12004),
('B', 'useremail3', 12004),
('A', 'useremail3', 12005),
('B', 'useremail3', 12005),


('A', 'useremail4', 13001),
('B', 'useremail4', 13001),
('A', 'useremail4', 13002),
('B', 'useremail4', 13002),
('A', 'useremail4', 13003),
('B', 'useremail4', 13003),
('A', 'useremail4', 13004),
('B', 'useremail4', 13004),
('A', 'useremail4', 13005),
('B', 'useremail4', 13005),

('A', 'useremail4', 14001),
('B', 'useremail4', 14001),
('A', 'useremail4', 14002),
('B', 'useremail4', 14002),
('A', 'useremail4', 14003),
('B', 'useremail4', 14003),
('A', 'useremail4', 14004),
('B', 'useremail4', 14004),
('A', 'useremail4', 14005),
('B', 'useremail4', 14005),

('A', 'useremail4', 15001),
('B', 'useremail4', 15001),
('A', 'useremail4', 15002),
('B', 'useremail4', 15002),
('A', 'useremail4', 15003),
('B', 'useremail4', 15003),
('A', 'useremail4', 15004),
('B', 'useremail4', 15004),
('A', 'useremail4', 15005),
('B', 'useremail4', 15005),



('A', 'useremail5', 16001),
('B', 'useremail5', 16001),
('A', 'useremail5', 16002),
('B', 'useremail5', 16002),
('A', 'useremail5', 16003),
('B', 'useremail5', 16003),
('A', 'useremail5', 16004),
('B', 'useremail5', 16004),
('A', 'useremail5', 16005),
('B', 'useremail5', 16005),



('A', 'useremail5', 17001),
('B', 'useremail5', 17001),
('A', 'useremail5', 17002),
('B', 'useremail5', 17002),
('A', 'useremail5', 17003),
('B', 'useremail5', 17003),
('A', 'useremail5', 17004),
('B', 'useremail5', 17004),
('A', 'useremail5', 17005),
('B', 'useremail5', 17005),


('A', 'useremail5', 18001),
('B', 'useremail5', 18001),
('A', 'useremail5', 18002),
('B', 'useremail5', 18002),
('A', 'useremail5', 18003),
('B', 'useremail5', 18003),
('A', 'useremail5', 18004),
('B', 'useremail5', 18004),
('A', 'useremail5', 18005),
('B', 'useremail5', 18005),



('A', 'useremail6', 19001),
('B', 'useremail6', 19001),
('A', 'useremail6', 19002),
('B', 'useremail6', 19002),
('A', 'useremail6', 19003),
('B', 'useremail6', 19003),
('A', 'useremail6', 19004),
('B', 'useremail6', 19004),
('A', 'useremail6', 19005),
('B', 'useremail6', 19005),


('A', 'useremail6', 21001),
('B', 'useremail6', 21001),
('A', 'useremail6', 21002),
('B', 'useremail6', 21002),
('A', 'useremail6', 21003),
('B', 'useremail6', 21003),
('A', 'useremail6', 21004),
('B', 'useremail6', 21004),
('A', 'useremail6', 21005),
('B', 'useremail6', 21005),



('A', 'useremail7', 22001),
('B', 'useremail7', 22001),
('A', 'useremail7', 22002),
('B', 'useremail7', 22002),
('A', 'useremail7', 22003),
('B', 'useremail7', 22003),
('A', 'useremail7', 22004),
('B', 'useremail7', 22004),
('A', 'useremail7', 22005),
('B', 'useremail7', 22005),


('A', 'useremail7', 23001),
('B', 'useremail7', 23001),
('A', 'useremail7', 23002),
('B', 'useremail7', 23002),
('A', 'useremail7', 23003),
('B', 'useremail7', 23003),
('A', 'useremail7', 23004),
('B', 'useremail7', 23004),
('A', 'useremail7', 23005),
('B', 'useremail7', 23005),


('A', 'useremail7', 24001),
('B', 'useremail7', 24001),
('A', 'useremail7', 24002),
('B', 'useremail7', 24002),
('A', 'useremail7', 24003),
('B', 'useremail7', 24003),
('A', 'useremail7', 24004),
('B', 'useremail7', 24004),
('A', 'useremail7', 24005),
('B', 'useremail7', 24005);

insert into `correct_option` (c_option_letter, instructor_email, question_number)
values 
('C', 'useremail1', 10001),
('C', 'useremail1', 10002),
('C', 'useremail1', 10003),
('C', 'useremail1', 10004),
('C', 'useremail1', 10005),

('C', 'useremail1', 20001),
('C', 'useremail1', 20002),
('C', 'useremail1', 20003),
('C', 'useremail1', 20004),
('C', 'useremail1', 20005),

('C', 'useremail1', 30001),
('C', 'useremail1', 30002),
('C', 'useremail1', 30003),
('C', 'useremail1', 30004),
('C', 'useremail1', 30005),

('C', 'useremail2', 40001),
('C', 'useremail2', 40002),
('C', 'useremail2', 40003),
('C', 'useremail2', 40004),
('C', 'useremail2', 40005),

('C', 'useremail2', 50001),
('C', 'useremail2', 50002),
('C', 'useremail2', 50003),
('C', 'useremail2', 50004),
('C', 'useremail2', 50005),

('C', 'useremail2', 80001),
('C', 'useremail2', 80002),
('C', 'useremail2', 80003),
('C', 'useremail2', 80004),
('C', 'useremail2', 80005),

('C', 'useremail3', 90001),
('C', 'useremail3', 90002),
('C', 'useremail3', 90003),
('C', 'useremail3', 90004),
('C', 'useremail3', 90005),

('C', 'useremail3', 11001),
('C', 'useremail3', 11002),
('C', 'useremail3', 11003),
('C', 'useremail3', 11004),
('C', 'useremail3', 11005),

('C', 'useremail3', 12001),
('C', 'useremail3', 12002),
('C', 'useremail3', 12003),
('C', 'useremail3', 12004),
('C', 'useremail3', 12005),

('C', 'useremail4', 13001),
('C', 'useremail4', 13002),
('C', 'useremail4', 13003),
('C', 'useremail4', 13004),
('C', 'useremail4', 13005),

('C', 'useremail4', 14001),
('C', 'useremail4', 14002),
('C', 'useremail4', 14003),
('C', 'useremail4', 14004),
('C', 'useremail4', 14005),

('C', 'useremail4', 15001),
('C', 'useremail4', 15002),
('C', 'useremail4', 15003),
('C', 'useremail4', 15004),
('C', 'useremail4', 15005),

('C', 'useremail5', 16001),
('C', 'useremail5', 16002),
('C', 'useremail5', 16003),
('C', 'useremail5', 16004),
('C', 'useremail5', 16005),

('C', 'useremail5', 17001),
('C', 'useremail5', 17002),
('C', 'useremail5', 17003),
('C', 'useremail5', 17004),
('C', 'useremail5', 17005),

('C', 'useremail5', 18001),
('C', 'useremail5', 18002),
('C', 'useremail5', 18003),
('C', 'useremail5', 18004),
('C', 'useremail5', 18005),

('C', 'useremail6', 19001),
('C', 'useremail6', 19002),
('C', 'useremail6', 19003),
('C', 'useremail6', 19004),
('C', 'useremail6', 19005),

('C', 'useremail6', 21001),
('C', 'useremail6', 21002),
('C', 'useremail6', 21003),
('C', 'useremail6', 21004),
('C', 'useremail6', 21005),

('C', 'useremail7', 22001),
('C', 'useremail7', 22002),
('C', 'useremail7', 22003),
('C', 'useremail7', 22004),
('C', 'useremail7', 22005),

('C', 'useremail7', 23001),
('C', 'useremail7', 23002),
('C', 'useremail7', 23003),
('C', 'useremail7', 23004),
('C', 'useremail7', 23005),

('C', 'useremail7', 24001),
('C', 'useremail7', 24002),
('C', 'useremail7', 24003),
('C', 'useremail7', 24004),
('C', 'useremail7', 24005);

insert into `comment` (sub_student_email, instructor_email, text, video_name)
values 
('useremail9', 'useremail1', 'nice video!', 'video name 1'),
('useremail10', 'useremail2', 'Helped a lot!', 'video name 5'),
('useremail11', 'useremail3', 'Thank you Hocam!', 'video name 9'),
('useremail13', 'useremail4', 'Very clear!', 'video name 10'),
('useremail13', 'useremail5', 'Not helpful!', 'video name 14'),
('useremail14', 'useremail5', 'Best video ever!', 'video name 14');

insert into `watch` (sub_student_email, instructor_email, time_spent, watched_date, video_name)
values 
('useremail9', 'useremail1', '00:10:30', '2021-01-01', 'video name 1'),
('useremail10', 'useremail2', '00:15:12', '2021-07-04', 'video name 5'),
('useremail11', 'useremail3', '00:16:10', '2021-02-02', 'video name 9'),
('useremail13', 'useremail4', '00:19:20', '2021-01-03', 'video name 10'),
('useremail13', 'useremail5', '00:09:30', '2021-12-02', 'video name 14'),
('useremail14', 'useremail5', '00:19:30', '2021-12-02', 'video name 14');

insert into `solve` (sub_student_email, instructor_email, solve_duration, test_name)
values 
('useremail9', 'useremail1', '00:10:30', 'test name 1'),
('useremail10', 'useremail2', '00:15:12', 'test name 5'),
('useremail11', 'useremail3', '00:16:10', 'test name 9'),
('useremail13', 'useremail4', '00:19:20', 'test name 10'),
('useremail13', 'useremail5', '00:09:30', 'test name 14'),
('useremail14', 'useremail5', '00:19:30', 'test name 14'),
('useremail9', 'useremail2', '00:10:30', 'test name 6'),
('useremail10', 'useremail1', '00:15:12', 'test name 2'),
('useremail11', 'useremail1', '00:16:10', 'test name 3'),
('useremail13', 'useremail4', '00:19:20', 'test name 11'),
('useremail13', 'useremail5', '00:09:30', 'test name 13'),
('useremail14', 'useremail7', '00:19:30', 'test name 20');